id,page_name,page_title,page_url,page_sitemap_url,page_internal_url,page_controller,page_controller_url,page_controller_directory,page_file_directory,page_image,page_description,page_address,page_city,page_state,page_country,page_zipcode,page_facebook,active,custom,linked,functionality,design,mobile,seo,ext_links,grammar,d_optimize,load_perf,additional_notes
1,Home,"MyMI Wallet | Investment Accounting/Analytical Software | Crypto Asset",https://www.mymiwallet.com,https://www.mymiwallet.com,,home,home/index,application/controller/home,application/controller/home/index,https://www.mymiwallet.com/assets/images/MyMI-Wallet-Logo-1024x1024.png,"Overcome your financial investments Start creating Crypto Assets and listing them on our MyMI Marketplace & Exchange. Gain access to more than <?php echo $total","2304 Ashland Ave.","Bossier City",LA,US,71111,https://www.facebook.com/MyMIWallet,1,,1,1,1,1,1,-1,1,0,0,"- MyMI Asset Markplace Link Brok"
2,Login,"Login | MyMI Wallet | The Future of Wealth",https://www.mymiwallet.com/login,https://www.mymiwallet.com/login,login,users,users/login,bonfire/modules/users/controller,bonfire/modules/users/views,https://www.mymiwallet.com/assets/images/MyMI-Wallet-Logo-1024x1024.png,"Log into your Investor/Partnership Account to access your Investments, Assets and our Marketplace/Exchange to get started today!","2304 Ashland Ave.","Bossier City",LA,US,71111,https://www.facebook.com/MyMIWallet,1,,1,1,1,1,1,1,1,0,0,0
3,Free_Register,"Register for FREE | MyMI Wallet | The Future of Wealth",https://www.mymiwallet.com/Free/register,https://www.mymiwallet.com/Free/register,Free/register,users,users/register,bonfire/modules/users/controller,bonfire/modules/users/views,https://www.mymiwallet.com/assets/images/MyMI-Wallet-Logo-1024x1024.png,"Register your Free Investor & Partnership Account at MyMI Wallet to assess your Investments, Assets, and our Crypto Marketplace/Exchange","2304 Ashland Ave.","Bossier City",LA,US,71111,https://www.facebook.com/MyMIWallet,1,,1,0,-1,-1,1,1,1,0,0,0
4,Beta_Register,"Register for Beta | MyMI Wallet | The Future of Wealth",https://www.mymiwallet.com/Beta/register,https://www.mymiwallet.com/Beta/register,Beta/register,users,users/register,bonfire/modules/users/controller,bonfire/modules/users/views,https://www.mymiwallet.com/assets/images/MyMI-Wallet-Logo-1024x1024.png,"Register your Beta Investor & Partnership Account at MyMI Wallet to assess your Investments, Assets, and our Crypto Marketplace/Exchange","2304 Ashland Ave.","Bossier City",LA,US,71111,https://www.facebook.com/MyMIWallet,1,,1,0,-1,-1,1,1,1,0,0,0
5,Verify_Email,"Verify Your Email Address | MyMI Wallet | The Future of Wealth",https://www.mymiwallet.com/Verify-Email,https://www.mymiwallet.com/Verify-Email,Verify-Email/(userID),users,users/Verify_Email/(userID),bonfire/modules/users/controller,bonfire/modules/users/views,https://www.mymiwallet.com/assets/images/MyMI-Wallet-Logo-1024x1024.png,"Verify Your Email Address to access your Investments, Assets, and our Crypto Marketplace/Exchange","2304 Ashland Ave.","Bossier City",LA,US,71111,https://www.facebook.com/MyMIWallet,1,,1,1,-1,-1,1,1,1,0,0,0
6,Account_Information,"Complete Your Account Information | MyMI Wallet | The Future of Wealth",https://www.mymiwallet.com/Account-Information,https://www.mymiwallet.com/Account-Information,Account-Information/(userID),users,users/Account_Information,bonfire/modules/users/controller,bonfire/modules/users/views,https://www.mymiwallet.com/assets/images/MyMI-Wallet-Logo-1024x1024.png,,"2304 Ashland Ave.","Bossier City",LA,US,71111,https://www.facebook.com/MyMIWallet,1,,0,0,-1,0,0,0,0,0,0,0
7,Registration_Successful,"Registration Successful | MyMI Wallet | The Future of Wealth",https://www.mymiwallet.com/Registration-Successful,https://www.mymiwallet.com/Registration-Successful,Registration-Successful/(userID),users,users/Successful_Registration,bonfire/modules/users/controller,bonfire/modules/users/views,https://www.mymiwallet.com/assets/images/MyMI-Wallet-Logo-1024x1024.png,,"2304 Ashland Ave.","Bossier City",LA,US,71111,https://www.facebook.com/MyMIWallet,1,,0,0,-1,0,0,0,0,0,0,0
8,Activate,"Activate Your Investor/Partner Account | MyMI Wallet",https://www.mymiwallet.com/activate,https://www.mymiwallet.com/activate,activate,users,users/activate/(userID),bonfire/modules/users/controller,bonfire/modules/users/views,https://www.mymiwallet.com/assets/images/MyMI-Wallet-Logo-1024x1024.png,,"2304 Ashland Ave.","Bossier City",LA,US,71111,https://www.facebook.com/MyMIWallet,1,,1,0,1,-1,1,0,1,0,0,0
9,Resend_Activation,"Resend Your Activation Code | MyMI Wallet",https://www.mymiwallet.com/resend-activation,https://www.mymiwallet.com/resend-activation,resend-activation/(userID),users,users/resend_activation/(userID),bonfire/modules/users/controller,bonfire/modules/users/views,https://www.mymiwallet.com/assets/images/MyMI-Wallet-Logo-1024x1024.png,,"2304 Ashland Ave.","Bossier City",LA,US,71111,https://www.facebook.com/MyMIWallet,1,,1,1,-1,-1,-1,1,1,0,0,0
10,Forgot_Password,"Forgot Your Password? Reset Your Password Here | MyMI Wallet",https://www.mymiwallet.com/forgot-password,https://www.mymiwallet.com/forgot-password,forgot-password,users,users/forgot_password,bonfire/modules/users/controller,bonfire/modules/users/views,https://www.mymiwallet.com/assets/images/MyMI-Wallet-Logo-1024x1024.png,,"2304 Ashland Ave.","Bossier City",LA,US,71111,https://www.facebook.com/MyMIWallet,1,,1,-1,-1,-1,-1,1,1,0,0,0
11,Reset_Password,"Reset Your Password | MyMI Wallet | The Future of Wealth",https://www.mymiwallet.com/reset-password,https://www.mymiwallet.com/reset-password,reset-password/(email)/(code),users,users/reset_password,bonfire/modules/users/controller,bonfire/modules/users/views,https://www.mymiwallet.com/assets/images/MyMI-Wallet-Logo-1024x1024.png,,"2304 Ashland Ave.","Bossier City",LA,US,71111,https://www.facebook.com/MyMIWallet,1,,0,0,0,0,0,0,0,0,0,0
12,Customer_Support,"Customer Support | MyMI Wallet | The Future of Wealth",https://www.mymiwallet.com/Customer-Support,https://www.mymiwallet.com/Customer-Support,Customer-Support,Public/Support,Public/Support/index,application/modules/Public/Support,application/modules/Public/Support/views,https://www.mymiwallet.com/assets/images/MyMI-Wallet-Logo-1024x1024.png,,"2304 Ashland Ave.","Bossier City",LA,US,71111,https://www.facebook.com/MyMIWallet,1,,1,-1,-1,-1,1,-1,-1,0,0,0
13,Customer_Support_Contact_Us,"Contact Us | Customer Support | MyMI Wallet",https://www.mymiwallet.com/Customer-Support/Contact-Us,https://www.mymiwallet.com/Customer-Support/Contact-Us,Customer-Support/Contact-Us,Public/Support,Public/Support/Request,application/modules/Public/Support,application/modules/Public/Support/views,https://www.mymiwallet.com/assets/images/MyMI-Wallet-Logo-1024x1024.png,,"2304 Ashland Ave.","Bossier City",LA,US,71111,https://www.facebook.com/MyMIWallet,-1,,0,0,0,0,0,0,0,0,0,0
14,Customer_Support_FAQ,"Frequently Asked Questions | Customer Support | MyMI Wallet",https://www.mymiwallet.com/Customer-Support/FAQ,https://www.mymiwallet.com/Customer-Support/FAQ,Customer-Support/FAQ,Public/Support,Public/Support/FAQ,application/modules/Public/Support,application/modules/Public/Support/views,https://www.mymiwallet.com/assets/images/MyMI-Wallet-Logo-1024x1024.png,,"2304 Ashland Ave.","Bossier City",LA,US,71111,https://www.facebook.com/MyMIWallet,1,,1,-1,-1,-1,1,-1,-1,0,0,0
15,Customer_Support_Requests,"My Requests | Customer Support | MyMI Wallet",https://www.mymiwallet.com/Support/Requests,https://www.mymiwallet.com/Support/Requests,Support/Requests,Management/Support,Support_Management/Request_Overview,application/modules/Management/Support,application/modules/Management/Support/views,https://www.mymiwallet.com/assets/images/MyMI-Wallet-Logo-1024x1024.png,,"2304 Ashland Ave.","Bossier City",LA,US,71111,https://www.facebook.com/MyMIWallet,0,,0,0,0,0,0,0,0,0,0,0
16,Customer_Support_Response,"My Responses | Customer Support | MyMI Wallet",https://www.mymiwallet.com/Support/Response,https://www.mymiwallet.com/Support/Response,Support/Response,Public/Support,Public/Support/Request,application/modules/Public/Support,application/modules/Public/Support/views,https://www.mymiwallet.com/assets/images/MyMI-Wallet-Logo-1024x1024.png,,"2304 Ashland Ave.","Bossier City",LA,US,71111,https://www.facebook.com/MyMIWallet,0,,0,0,0,0,0,0,0,0,0,0
17,Customer_Support_Closed_Requests,"My Closed Requests | Customer Support | MyMI Wallet",https://www.mymiwallet.com/Customer-Support/Closed-Requests,https://www.mymiwallet.com/Customer-Support/Closed-Requests,Customer-Support/Closed-Requests,Public/Support,Public/Support/Close_Request/???/???,application/modules/Public/Support,application/modules/Public/Support/views,https://www.mymiwallet.com/assets/images/MyMI-Wallet-Logo-1024x1024.png,,"2304 Ashland Ave.","Bossier City",LA,US,71111,https://www.facebook.com/MyMIWallet,0,,0,0,0,0,0,0,0,0,0,0
18,Customer_Support_Member_Requests,"Request Management | Customer Support | MyMI Wallet",https://www.mymiwallet.com/Customer-Support/Member-Requests,https://www.mymiwallet.com/Customer-Support/Member-Requests,Customer-Support/Member-Requests,User/Support,User/Support/Member_Customer_Support_Request,application/modules/User/Support,application/modules/User/Support/views,https://www.mymiwallet.com/assets/images/MyMI-Wallet-Logo-1024x1024.png,,"2304 Ashland Ave.","Bossier City",LA,US,71111,https://www.facebook.com/MyMIWallet,0,,0,0,0,0,0,0,0,0,0,0
19,Customer_Support_Manager,"Customer Support Manager | Customer Support | MyMI Wallet",https://www.mymiwallet.com/Customer-Support/Manager,https://www.mymiwallet.com/Customer-Support/Manager,Customer-Support/Manager,User/Support,User/Support/Customer_Support_Manager,application/modules/User/Support,application/modules/User/Support/views,https://www.mymiwallet.com/assets/images/MyMI-Wallet-Logo-1024x1024.png,,"2304 Ashland Ave.","Bossier City",LA,US,71111,https://www.facebook.com/MyMIWallet,0,,0,0,0,0,0,0,0,0,0,0
20,Invest,"Invest in MyMI Wallet | Own the Future to Investments & Wealth Generat",https://www.mymiwallet.com/Invest,https://www.mymiwallet.com/Invest,Invest,Public/Invest,Public/Invest,application/modules/Public/Invest,application/modules/Public/Invest/views,https://www.mymiwallet.com/assets/images/MyMI-Wallet-Logo-1024x1024.png,,"2304 Ashland Ave.","Bossier City",LA,US,71111,https://www.facebook.com/MyMIWallet,0,,1,1,-1,-1,1,-1,-1,0,0,0
21,Invest_Complete_Purchase,"Complete Your Purchase | Invest in MyMI Wallet | The Future of Wealth",https://www.mymiwallet.com/Invest/Complete-Purchase,https://www.mymiwallet.com/Invest/Complete-Purchase,Invest/Complete-Purchase/???,Public/Invest,Public/Invest/Purchase,application/modules/Public/Invest,application/modules/Public/Invest/views,https://www.mymiwallet.com/assets/images/MyMI-Wallet-Logo-1024x1024.png,,"2304 Ashland Ave.","Bossier City",LA,US,71111,https://www.facebook.com/MyMIWallet,0,,0,0,0,0,0,0,0,0,0,0
22,Invest_Purchase_Complete,"Purchase Complete | Invest in MyMI Wallet | The Future of Wealth",https://www.mymiwallet.com/Invest/Purchase-Complete,https://www.mymiwallet.com/Invest/Purchase-Complete,Invest/Purchase-Complete/???,Public/Invest,Public/Invest/Purchase_Complete,application/modules/Public/Invest,application/modules/Public/Invest/views,https://www.mymiwallet.com/assets/images/MyMI-Wallet-Logo-1024x1024.png,,"2304 Ashland Ave.","Bossier City",LA,US,71111,https://www.facebook.com/MyMIWallet,0,,0,0,0,0,0,0,0,0,0,0
23,Invest_Complete_???,"Thank You For Becoming An Investor | MyMI Wallet",https://www.mymiwallet.com/Invest/Complete,https://www.mymiwallet.com/Invest/Complete,Invest/Complete/???,Public/Invest,Public/Invest/Complete,application/modules/Public/Invest,application/modules/Public/Invest/views,https://www.mymiwallet.com/assets/images/MyMI-Wallet-Logo-1024x1024.png,,"2304 Ashland Ave.","Bossier City",LA,US,71111,https://www.facebook.com/MyMIWallet,0,,0,0,0,0,0,0,0,0,0,0
24,Investor_Register_???,"Register & Become an Investor | MyMI Wallet | The Future of Wealth",https://www.mymiwallet.com/Investor/register,https://www.mymiwallet.com/Investor/register,Investor/register,users,users/investor_register,bonfire/modules/users/controller,bonfire/modules/users/views,https://www.mymiwallet.com/assets/images/MyMI-Wallet-Logo-1024x1024.png,,"2304 Ashland Ave.","Bossier City",LA,US,71111,https://www.facebook.com/MyMIWallet,0,,1,0,-1,-1,1,1,1,0,0,0
25,Investor_Verify_Email,"Verify Your Investor Account Email | MyMI Wallet | The Future of Wealt",https://www.mymiwallet.com/Investor/Verify-Email,https://www.mymiwallet.com/Investor/Verify-Email,Investor/Verify-Email/???,users,users/Verify_Email/(userID),bonfire/modules/users/controller,bonfire/modules/users/views,https://www.mymiwallet.com/assets/images/MyMI-Wallet-Logo-1024x1024.png,,"2304 Ashland Ave.","Bossier City",LA,US,71111,https://www.facebook.com/MyMIWallet,0,,1,1,-1,-1,1,1,1,0,0,0
26,Investor_Activate,"Activate Your Investor Account | MyMI Wallet | The Future of Wealth",https://www.mymiwallet.com/Investor/activate,https://www.mymiwallet.com/Investor/activate,Investor/Activate/???,Public/Invest,Public/Invest/Activate,application/modules/Public/Invest,application/modules/Public/Invest/views,https://www.mymiwallet.com/assets/images/MyMI-Wallet-Logo-1024x1024.png,,"2304 Ashland Ave.","Bossier City",LA,US,71111,https://www.facebook.com/MyMIWallet,0,,-1,-1,-1,-1,-1,-1,-1,0,0,0
27,Crypto_Market_Symbol,"Search MyMI Assets, Crypto, ETFs, Forex, Indicies, & Stocks | MyMI Wal",https://www.mymiwallet.com/Search/Crypto,https://www.mymiwallet.com/Search/Crypto,Search/Crypto,User/Search,User/Search/Crypto,application/modules/User/Search,application/modules/User/Search/views,https://www.mymiwallet.com/assets/images/MyMI-Wallet-Logo-1024x1024.png,,"2304 Ashland Ave.","Bossier City",LA,US,71111,https://www.facebook.com/MyMIWallet,0,,-1,-1,-1,-1,-1,-1,-1,0,0,0
28,ETF_Market_Symbol,"Search MyMI Assets, Crypto, ETFs, Forex, Indicies, & Stocks | MyMI Wal",https://www.mymiwallet.com/Search/ETFs,https://www.mymiwallet.com/Search/ETFs,Search/ETFs,User/Search,User/Search/ETFs,application/modules/User/Search,application/modules/User/Search/views,https://www.mymiwallet.com/assets/images/MyMI-Wallet-Logo-1024x1024.png,,"2304 Ashland Ave.","Bossier City",LA,US,71111,https://www.facebook.com/MyMIWallet,0,,-1,-1,-1,-1,-1,-1,-1,0,0,0
29,Forex_Market_Symbol,"Search MyMI Assets, Crypto, ETFs, Forex, Indicies, & Stocks | MyMI Wal",https://www.mymiwallet.com/Search/Forex,https://www.mymiwallet.com/Search/Forex,Search/Forex,User/Search,User/Search/Forex,application/modules/User/Search,application/modules/User/Search/views,https://www.mymiwallet.com/assets/images/MyMI-Wallet-Logo-1024x1024.png,,"2304 Ashland Ave.","Bossier City",LA,US,71111,https://www.facebook.com/MyMIWallet,0,,-1,-1,-1,-1,-1,-1,-1,0,0,0
30,Index_Market_Symbol,"Search MyMI Assets, Crypto, ETFs, Forex, Indicies, & Stocks | MyMI Wal",https://www.mymiwallet.com/Search/Indicies,https://www.mymiwallet.com/Search/Indicies,Search/Indicies,User/Search,User/Search/Indicies,application/modules/User/Search,application/modules/User/Search/views,https://www.mymiwallet.com/assets/images/MyMI-Wallet-Logo-1024x1024.png,,"2304 Ashland Ave.","Bossier City",LA,US,71111,https://www.facebook.com/MyMIWallet,0,,-1,-1,-1,-1,-1,-1,-1,0,0,0
31,MyMIAssets_Market_Symbol,"Search MyMI Assets, Crypto, ETFs, Forex, Indicies, & Stocks | MyMI Wal",https://www.mymiwallet.com/Search/MyMI-Assets,https://www.mymiwallet.com/Search/MyMI-Assets,Search/MyMI_Assets,User/Search,User/Search/MyMI_Assets,application/modules/User/Search,application/modules/User/Search/views,https://www.mymiwallet.com/assets/images/MyMI-Wallet-Logo-1024x1024.png,,"2304 Ashland Ave.","Bossier City",LA,US,71111,https://www.facebook.com/MyMIWallet,0,,-1,-1,-1,-1,-1,-1,-1,0,0,0
32,Stock_Market_Symbol,"Search MyMI Assets, Crypto, ETFs, Forex, Indicies, & Stocks | MyMI Wal",https://www.mymiwallet.com/Search/Stocks,https://www.mymiwallet.com/Search/Stocks,Search/Stocks,User/Search,User/Search/Stocks,application/modules/User/Search,application/modules/User/Search/views,https://www.mymiwallet.com/assets/images/MyMI-Wallet-Logo-1024x1024.png,,"2304 Ashland Ave.","Bossier City",LA,US,71111,https://www.facebook.com/MyMIWallet,0,,-1,-1,-1,-1,-1,-1,-1,0,0,0
33,Announcements,"MyMI Announcements | MyMI Wallet | The Future of Wealth",https://www.mymiwallet.com/Announcements,https://www.mymiwallet.com/Announcements,Announcements,Management,Management/Announcements,application/modules/Management,application/modules/Management/views,https://www.mymiwallet.com/assets/images/MyMI-Wallet-Logo-1024x1024.png,,"2304 Ashland Ave.","Bossier City",LA,US,71111,https://www.facebook.com/MyMIWallet,0,,-1,-1,-1,-1,-1,-1,-1,0,0,0
34,Announcements_Post,"Post an Announcements | MyMI Wallet | The Future of Wealth",https://www.mymiwallet.com/Announcements/Post,https://www.mymiwallet.com/Announcements/Post,Announcements/Post,Management,Management/Announcements/Poost,application/modules/Management,application/modules/Management/views,https://www.mymiwallet.com/assets/images/MyMI-Wallet-Logo-1024x1024.png,,"2304 Ashland Ave.","Bossier City",LA,US,71111,https://www.facebook.com/MyMIWallet,0,,-1,-1,-1,-1,-1,-1,-1,0,0,0
35,Dashboard,"Investor Dashboard | MyMI Wallet | The Future of Wealth",https://www.mymiwallet.com/Dashboard,https://www.mymiwallet.com/Dashboard,Dashboard,User/Dashboard,User/Dashboard/index,application/modules/User/Dashboard,application/modules/User/Dashboard/views,https://www.mymiwallet.com/assets/images/MyMI-Wallet-Logo-1024x1024.png,,"2304 Ashland Ave.","Bossier City",LA,US,71111,https://www.facebook.com/MyMIWallet,1,,1,1,-1,-1,1,0,1,0,0,0
36,Markets_Specified,,https://www.mymiwallet.com/Markets/,https://www.mymiwallet.com/Markets/,Markets/???,User/Dashboard,User/Dashboard/Markets,application/modules/User/Dashboard,application/modules/User/Dashboard/views,https://www.mymiwallet.com/assets/images/MyMI-Wallet-Logo-1024x1024.png,,"2304 Ashland Ave.","Bossier City",LA,US,71111,https://www.facebook.com/MyMIWallet,1,,0,0,0,0,0,0,0,0,0,0
37,Investor_Profile,"Investor Profile | MyMI Wallet | The Future of Wealth",https://www.mymiwallet.com/Investor-Profile,https://www.mymiwallet.com/Investor-Profile,Investor-Profile,User/Dashboard,User/Dashboard/Investor_Profile,application/modules/User/Dashboard,application/modules/User/Dashboard/views,https://www.mymiwallet.com/assets/images/MyMI-Wallet-Logo-1024x1024.png,,"2304 Ashland Ave.","Bossier City",LA,US,71111,https://www.facebook.com/MyMIWallet,1,,1,0,-1,-1,1,1,0,0,0,0
38,Profile_Manager,"Profile Manager | MyMI Wallet | The Future of Wealth",https://www.mymiwallet.com/Profile-Manager,https://www.mymiwallet.com/Profile-Manager,Profile-Manager,User/Dashboard,User/Dashboard/Profile_Manager,application/modules/User/Dashboard,application/modules/User/Dashboard/views,https://www.mymiwallet.com/assets/images/MyMI-Wallet-Logo-1024x1024.png,,"2304 Ashland Ave.","Bossier City",LA,US,71111,https://www.facebook.com/MyMIWallet,1,,1,0,0,0,1,0,0,0,0,0
39,Assets,"MyMI Assets | MyMI Wallet | The Future of Wealth",https://www.mymiwallet.com/Assets,https://www.mymiwallet.com/Assets,Assets,User/Asset_Management,User/Asset_Management/index,application/modules/User/Asset_Management,application/modules/User/Asset_Management/views,https://www.mymiwallet.com/assets/images/MyMI-Wallet-Logo-1024x1024.png,,"2304 Ashland Ave.","Bossier City",LA,US,71111,https://www.facebook.com/MyMIWallet,-1,,0,0,0,0,0,0,0,0,0,0
40,Exchange,"MyMI Exchange | MyMI Wallet | The Futue of Wealth",https://www.mymiwallet.com/Exchange,https://www.mymiwallet.com/Exchange,Exchange,Exchange,Exchange/Overview,application/modules/Exchange,application/modules/Exchange/views,https://www.mymiwallet.com/assets/images/MyMI-Wallet-Logo-1024x1024.png,,"2304 Ashland Ave.","Bossier City",LA,US,71111,https://www.facebook.com/MyMIWallet,-1,,0,0,0,0,0,0,0,0,0,0
41,Exchange_Market_MP_MC,,https://www.mymiwallet.com/Exchange,https://www.mymiwallet.com/Exchange,Exchange/Market/???/???,Exchange,Exchange/Overview,application/modules/Exchange,application/modules/Exchange/views,https://www.mymiwallet.com/assets/images/MyMI-Wallet-Logo-1024x1024.png,,"2304 Ashland Ave.","Bossier City",LA,US,71111,https://www.facebook.com/MyMIWallet,-1,,0,0,0,0,0,0,0,0,0,0
42,Management_Exchange,"MyMI Exchange Management | MyMI Wallet",https://www.mymiwallet.com/Management/Exchange,https://www.mymiwallet.com/Management/Exchange,Management/Exchange,Exchange,Exchange/Dashboard,application/modules/Exchange,application/modules/Exchange/views,https://www.mymiwallet.com/assets/images/MyMI-Wallet-Logo-1024x1024.png,,"2304 Ashland Ave.","Bossier City",LA,US,71111,https://www.facebook.com/MyMIWallet,-1,,0,0,0,0,0,0,0,0,0,0
43,Exchange_Application_Manager_???,"MyMI Exchange Application Manager | MyMI Wallet",https://www.mymiwallet.com/Management/Exchange/Application-Manager,https://www.mymiwallet.com/Management/Exchange/Application-Manager,Exchange/Application-Manager/???,Exchange,Exchange/Application_Manager,application/modules/Exchange,application/modules/Exchange/views,https://www.mymiwallet.com/assets/images/MyMI-Wallet-Logo-1024x1024.png,,"2304 Ashland Ave.","Bossier City",LA,US,71111,https://www.facebook.com/MyMIWallet,-1,,0,0,0,0,0,0,0,0,0,0
44,Exchange_Coin_Listing_Request,"Coin Listing Request | MyMI Exchange | MyMI Wallet",https://www.mymiwallet.com/Exchange/Coin-Listing-Request,https://www.mymiwallet.com/Exchange/Coin-Listing-Request,Exchange/Coin-Listing/Request,Exchange,Exchange/Coin_Listing_Request,application/modules/Exchange,application/modules/Exchange/views,https://www.mymiwallet.com/assets/images/MyMI-Wallet-Logo-1024x1024.png,,"2304 Ashland Ave.","Bossier City",LA,US,71111,https://www.facebook.com/MyMIWallet,-1,,0,0,0,0,0,0,0,0,0,0
45,Exchange_Coin_Listing_Asset_Information_???_???,"Asset Information | Coin Listing Request | MyMI Wallet",https://www.mymiwallet.com/Exchange/Coin-Listing-Request/Asset-Information,https://www.mymiwallet.com/Exchange/Coin-Listing-Request/Asset-Information,Exchange/Coin-Listing/Asset-Information/???/???,Exchange,Exchange/Coin_Listing_Asset_Information,application/modules/Exchange,application/modules/Exchange/views,https://www.mymiwallet.com/assets/images/MyMI-Wallet-Logo-1024x1024.png,,"2304 Ashland Ave.","Bossier City",LA,US,71111,https://www.facebook.com/MyMIWallet,-1,,0,0,0,0,0,0,0,0,0,0
46,Exchange_Coin_Listing_Request_Complete,"Listing Request Complete | MyMI Exchange | MyMI Wallet",https://www.mymiwallet.com/Exchange/Coin-Listing/Complete,https://www.mymiwallet.com/Exchange/Coin-Listing/Complete,Exchange/Coin-Listing/Request-Complete,Exchange,Exchange/Coin_Listing_Request_Complete,application/modules/Exchange,application/modules/Exchange/views,https://www.mymiwallet.com/assets/images/MyMI-Wallet-Logo-1024x1024.png,,"2304 Ashland Ave.","Bossier City",LA,US,71111,https://www.facebook.com/MyMIWallet,-1,,0,0,0,0,0,0,0,0,0,0
47,Exchange_Account_Information,"Account Information | MyMI Exchange | MyMI Wallet",https://www.mymiwallet.com/Exchange/Account-Information,https://www.mymiwallet.com/Exchange/Account-Information,Exchange/Account-Information/???,Exchange,Exchange/Account_Information,application/modules/Exchange,application/modules/Exchange/views,https://www.mymiwallet.com/assets/images/MyMI-Wallet-Logo-1024x1024.png,,"2304 Ashland Ave.","Bossier City",LA,US,71111,https://www.facebook.com/MyMIWallet,-1,,0,0,0,0,0,0,0,0,0,0
48,Exchange_KYC_Registration_Reward,"KYC Verification Reward | MyMI Exchange | MyMI Wallet",https://www.mymiwallet.com/Exchange/KYC-Verification/Reward,https://www.mymiwallet.com/Exchange/KYC-Verification/Reward,Exchange/KYC-Registration-Reward/???,Exchange,Exchange/KYC_Rewards/???,application/modules/Exchange,application/modules/Exchange/views,https://www.mymiwallet.com/assets/images/MyMI-Wallet-Logo-1024x1024.png,,"2304 Ashland Ave.","Bossier City",LA,US,71111,https://www.facebook.com/MyMIWallet,-1,,0,0,0,0,0,0,0,0,0,0
49,Referral_Program,"Affiliate Referral Program | MyMI Wallet | The Future of Wealth",https://www.mymiwallet.com/Referral-Program,https://www.mymiwallet.com/Referral-Program,Referral-Program,User/Referral_Program,User/Referral_Program/index,application/modules/User/Referral_Program,application/modules/User/Referral_Program/views,https://www.mymiwallet.com/assets/images/MyMI-Wallet-Logo-1024x1024.png,,"2304 Ashland Ave.","Bossier City",LA,US,71111,https://www.facebook.com/MyMIWallet,-1,,0,0,0,0,0,0,0,0,0,0
50,Referral_Program_Apply_???,"Apply | Affiliate Referral Program | MyMI Wallet",https://www.mymiwallet.com/Referral-Program/Apply,https://www.mymiwallet.com/Referral-Program/Apply,Referral-Program/Apply/???,User/Referral_Program,User/Referral_Program/Apply,application/modules/User/Referral_Program,application/modules/User/Referral_Program/views,https://www.mymiwallet.com/assets/images/MyMI-Wallet-Logo-1024x1024.png,,"2304 Ashland Ave.","Bossier City",LA,US,71111,https://www.facebook.com/MyMIWallet,-1,,0,0,0,0,0,0,0,0,0,0
51,Referral_Program_Application_Success,"Application Submitted Successful | Affiliate Referral Program | MyMI W",https://www.mymiwallet.com/Referral-Program/Application/Success,https://www.mymiwallet.com/Referral-Program/Application/Success,Referral-Program/Applications/Success,User/Referral_Program,User/Referral_Program/Success,application/modules/User/Referral_Program,application/modules/User/Referral_Program/views,https://www.mymiwallet.com/assets/images/MyMI-Wallet-Logo-1024x1024.png,,"2304 Ashland Ave.","Bossier City",LA,US,71111,https://www.facebook.com/MyMIWallet,-1,,0,0,0,0,0,0,0,0,0,0
52,Referral_Program_Applications,"Manage Applications | Referral Program | MyMI Wallet",https://www.mymiwallet.com/Referral-Program/Applications,https://www.mymiwallet.com/Referral-Program/Applications,Referral-Program/Applications,User/Referral_Program,User/Refferal_Program/Users,application/modules/User/Referral_Program,application/modules/User/Referral_Program/views,https://www.mymiwallet.com/assets/images/MyMI-Wallet-Logo-1024x1024.png,,"2304 Ashland Ave.","Bossier City",LA,US,71111,https://www.facebook.com/MyMIWallet,-1,,0,0,0,0,0,0,0,0,0,0
53,Referral_Program_New_Affiliate_Information,"New Affiliate Information | Referral Program | MyMI Wallet",https://www.mymiwallet.com/Referral-Program/New-Affiliate-Information,https://www.mymiwallet.com/Referral-Program/New-Affiliate-Information,Referral-Program/New-Affiliate-Information/???,User/Referral_Program,User/Referral_Program/New_Affiliate_Information/???,application/modules/User/Referral_Program,application/modules/User/Referral_Program/views,https://www.mymiwallet.com/assets/images/MyMI-Wallet-Logo-1024x1024.png,,"2304 Ashland Ave.","Bossier City",LA,US,71111,https://www.facebook.com/MyMIWallet,-1,,0,0,0,0,0,0,0,0,0,0
54,Referral_Program_Activate_Affiliate_UserID,"Activate Your Affiliate Account | Referral Program",https://www.mymiwallet.com/Referral-Program/Activate-Affiliate,https://www.mymiwallet.com/Referral-Program/Activate-Affiliate,Referral-Program/Activate-Affiliate/???,User/Referral_Program,User/Referral_Program/Activate_Affiliate/???,application/modules/User/Referral_Program,application/modules/User/Referral_Program/views,https://www.mymiwallet.com/assets/images/MyMI-Wallet-Logo-1024x1024.png,,"2304 Ashland Ave.","Bossier City",LA,US,71111,https://www.facebook.com/MyMIWallet,-1,,0,0,0,0,0,0,0,0,0,0
55,Referral_Program_Affiliates,"Affiliates | Referral Program | MyMI Wallet",https://www.mymiwallet.com/Referral-Program/Affiliates,https://www.mymiwallet.com/Referral-Program/Affiliates,Referral-Program/Affiliates,User/Referral_Program,User/Referral_Program/Users,application/modules/User/Referral_Program,application/modules/User/Referral_Program/views,https://www.mymiwallet.com/assets/images/MyMI-Wallet-Logo-1024x1024.png,,"2304 Ashland Ave.","Bossier City",LA,US,71111,https://www.facebook.com/MyMIWallet,-1,,0,0,0,0,0,0,0,0,0,0
56,Referral_Program_MAPA,"Marketing Affiliate Program Agreement | Referral Program | MyMI Wallet",https://www.mymiwallet.com/Referral-Program/Marketing-Affiliate-Program-Agreement,https://www.mymiwallet.com/Referral-Program/Marketing-Affiliate-Program-Agreement,Referral-Program/Marketing-Affiliate-Program-Agreement,User/Referral_Program,User/Referral_Program/Marketing_Affiliate_Program_Agreement,application/modules/User/Referral_Program,application/modules/User/Referral_Program/views,https://www.mymiwallet.com/assets/images/MyMI-Wallet-Logo-1024x1024.png,,"2304 Ashland Ave.","Bossier City",LA,US,71111,https://www.facebook.com/MyMIWallet,-1,,0,0,0,0,0,0,0,0,0,0
57,Referral_Program_My_Referrals,"My Referrals | Referral Program | MyMI Wallet",https://www.mymiwallet.com/My-Referrals,https://www.mymiwallet.com/My-Referrals,My-Referrals,User/Referral_Program,User/Referral_Program/My_Referrals,application/modules/User/Referral_Program,application/modules/User/Referral_Program/views,https://www.mymiwallet.com/assets/images/MyMI-Wallet-Logo-1024x1024.png,,"2304 Ashland Ave.","Bossier City",LA,US,71111,https://www.facebook.com/MyMIWallet,-1,,0,0,0,0,0,0,0,0,0,0
58,Trade_Tracker,"Trade Tracker | MyMI Wallet | The Future of Investments",https://www.mymiwallet.com/Trade-Tracker,https://www.mymiwallet.com/Trade-Tracker,Trade-Tracker,User/Trade_Tracker,User/Trade_Tracker/Overview,application/modules/User/Trade_Tracker,application/modules/User/Trade_Tracker/views,https://www.mymiwallet.com/assets/images/MyMI-Wallet-Logo-1024x1024.png,,"2304 Ashland Ave.","Bossier City",LA,US,71111,https://www.facebook.com/MyMIWallet,1,,0,0,0,0,0,0,0,0,0,0
59,Trade_Tracker_Search,"Search Cryptos, Bonds, ETFs, Indexes & Stocks | MyMI Wallets",https://www.mymiwallet.com/Trade-Tracker/Search,https://www.mymiwallet.com/Trade-Tracker/Search,Trade-Tracker/Search,User/Trade_Tracker,User/Trade_Tracker/Search,application/modules/User/Trade_Tracker,application/modules/User/Trade_Tracker/views,https://www.mymiwallet.com/assets/images/MyMI-Wallet-Logo-1024x1024.png,,"2304 Ashland Ave.","Bossier City",LA,US,71111,https://www.facebook.com/MyMIWallet,1,,0,0,0,0,0,0,0,0,0,0
60,Wallets,"My Wallets | MyMI Wallet",https://www.mymiwallet.com/Wallets,https://www.mymiwallet.com/Wallets,Wallets,User/Wallet,User/Wallet/index,application/modules/User/Wallet,application/modules/User/Wallet/views,https://www.mymiwallet.com/assets/images/MyMI-Wallet-Logo-1024x1024.png,,"2304 Ashland Ave.","Bossier City",LA,US,71111,https://www.facebook.com/MyMIWallet,1,0,1,0,1,1,1,0,1,0,0,0
61,MyMI_Wallet,"MyMI Wallet | My Wallets | The Future of Investments",https://www.mymiwallet.com/MyMI-Wallet,https://www.mymiwallet.com/MyMI-Wallet,MyMI-Wallet,User/Wallet,User/Wallets/MyMI_Wallet,application/modules/User/Wallet,application/modules/User/Wallet/views,https://www.mymiwallet.com/assets/images/MyMI-Wallet-Logo-1024x1024.png,,"2304 Ashland Ave.","Bossier City",LA,US,71111,https://www.facebook.com/MyMIWallet,1,0,1,1,1,1,1,1,1,0,0,0
62,Link_Account_TD_Ameritrade_Code,"TD Ameritrade | Link Your Account | MyMI Wallet",https://www.mymiwallet.com/Link-Account/TD-Ameritrade,https://www.mymiwallet.com/Link-Account/TD-Ameritrade,Link-Account/TD-Ameritrade/???,User/Brokerage,User/Brokerages/TD_Ameritrade/???,application/modules/User/Brokerage,application/modules/User/Brokerage/views,https://www.mymiwallet.com/assets/images/MyMI-Wallet-Logo-1024x1024.png,,"2304 Ashland Ave.","Bossier City",LA,US,71111,https://www.facebook.com/MyMIWallet,0,,0,0,0,0,0,0,0,0,0,0
63,Wallets_Link_Acount_Function_Subfunction,"Link Your Account | MyMI Wallet | The Future of Investments",https://www.mymiwallet.com/Wallets/Link-Account,https://www.mymiwallet.com/Wallets/Link-Account,Wallets/Link-Account/???/???,User/Wallet,User/Wallets/Link_Account/???,application/modules/User/Wallet,application/modules/User/Wallet/views,https://www.mymiwallet.com/assets/images/MyMI-Wallet-Logo-1024x1024.png,,"2304 Ashland Ave.","Bossier City",LA,US,71111,https://www.facebook.com/MyMIWallet,0,1,0,0,0,0,0,0,0,0,0,0
64,Add_Wallet,"Add A New Wallet | MyMI Wallet | The Future of Investments",https://www.mymiwallet.com/Add-Wallet,https://www.mymiwallet.com/Add-Wallet,Add-Wallet,User/Wallet,User/Wallets/Add,application/modules/User/Wallet,application/modules/User/Wallet/views,https://www.mymiwallet.com/assets/images/MyMI-Wallet-Logo-1024x1024.png,,"2304 Ashland Ave.","Bossier City",LA,US,71111,https://www.facebook.com/MyMIWallet,0,1,0,0,0,0,0,0,0,0,0,0
65,Add_Wallet_Free_Fiat,"Add A New Free Fiat Wallet | MyMI Wallet | The Future of Investments",https://www.mymiwallet.com/Add-Wallet/Free/Fiat,https://www.mymiwallet.com/Add-Wallet/Free/Fiat,Add-Wallet/Free/Fiat,User/Wallet,User/Wallets/Add,application/modules/User/Wallet,application/modules/User/Wallet/views,https://www.mymiwallet.com/assets/images/MyMI-Wallet-Logo-1024x1024.png,,"2304 Ashland Ave.","Bossier City",LA,US,71111,https://www.facebook.com/MyMIWallet,0,1,0,0,0,0,0,0,0,0,0,0
66,Add_Wallet_Free_Digital,"Add A New Free Crypto Wallet | MyMI Wallet",https://www.mymiwallet.com/Add-Wallet/Free/Digital,https://www.mymiwallet.com/Add-Wallet/Free/Digital,Add-Wallet/Free/Digital,User/Wallet,User/Wallets/Add,application/modules/User/Wallet,application/modules/User/Wallet/views,https://www.mymiwallet.com/assets/images/MyMI-Wallet-Logo-1024x1024.png,,"2304 Ashland Ave.","Bossier City",LA,US,71111,https://www.facebook.com/MyMIWallet,0,1,0,0,0,0,0,0,0,0,0,0
67,Add_Wallet_Premium_Fiat,"Add A New Premium Fiat Wallet | MyMI Wallet",https://www.mymiwallet.com/Add-Wallet/Premium/Fiat,https://www.mymiwallet.com/Add-Wallet/Premium/Fiat,Add-Wallet/Premium`/Fiat,User/Wallet,User/Wallets/Add,application/modules/User/Wallet,application/modules/User/Wallet/views,https://www.mymiwallet.com/assets/images/MyMI-Wallet-Logo-1024x1024.png,,"2304 Ashland Ave.","Bossier City",LA,US,71111,https://www.facebook.com/MyMIWallet,0,1,0,0,0,0,0,0,0,0,0,0
68,Add_Wallet_Premium_Digital,"Add A New Premium Crypto Wallet | MyMI Wallet",https://www.mymiwallet.com/Add-Wallet/Premium/Digital',https://www.mymiwallet.com/Add-Wallet/Premium/Digital',Add-Wallet/Premiium/Digital,User/Wallet,User/Wallets/Add,application/modules/User/Wallet,application/modules/User/Wallet/views,https://www.mymiwallet.com/assets/images/MyMI-Wallet-Logo-1024x1024.png,,"2304 Ashland Ave.","Bossier City",LA,US,71111,https://www.facebook.com/MyMIWallet,0,1,0,0,0,0,0,0,0,0,0,0
69,Wallet_Selection_WalletType,"Select Your Wallet Type | MyMI Wallet | The Future of Investments",https://www.mymiwallet.com/Wallet-Selection,https://www.mymiwallet.com/Wallet-Selection,Wallet-Selection/???,User/Wallet,User/Wallets/Wallet_Selection,application/modules/User/Wallet,application/modules/User/Wallet/views,https://www.mymiwallet.com/assets/images/MyMI-Wallet-Logo-1024x1024.png,,"2304 Ashland Ave.","Bossier City",LA,US,71111,https://www.facebook.com/MyMIWallet,0,0,0,0,0,0,0,0,0,0,0,0
70,Purchase_Wallet_ServiceType_WalletType,"Purchase New Premium Wallet | MyMI Wallet | The Future of Investments",https://www.mymiwallet.com/Purchase-Wallet,https://www.mymiwallet.com/Purchase-Wallet,Purchase-Wallet/???/???,User/Wallet,User/Wallets/Purchase,application/modules/User/Wallet,application/modules/User/Wallet/views,https://www.mymiwallet.com/assets/images/MyMI-Wallet-Logo-1024x1024.png,,"2304 Ashland Ave.","Bossier City",LA,US,71111,https://www.facebook.com/MyMIWallet,-1,0,0,0,0,0,0,0,0,0,0,0
71,Depost_Funds_???,"Deposit Funds | MyMI Wallet | The Future of Investments",https://www.mymiwallet.com/Deposit-Funds,https://www.mymiwallet.com/Deposit-Funds,Deposit-Funds/???,User/Wallet,User/Wallets/Deposit_Funds,application/modules/User/Wallet,application/modules/User/Wallet/views,https://www.mymiwallet.com/assets/images/MyMI-Wallet-Logo-1024x1024.png,,"2304 Ashland Ave.","Bossier City",LA,US,71111,https://www.facebook.com/MyMIWallet,0,,0,0,0,0,0,0,0,0,0,0
72,Wallets_Confirm_Desposits_???,"Confirm Your Deposit | MyMI Wallet | The Future of Investments",https://www.mymiwallet.com/Wallets/Confirm-Deposit,https://www.mymiwallet.com/Wallets/Confirm-Deposit,Wallets/Confirm-Deposit/???,User/Wallet,User/Wallets/Confirm_Deposit,application/modules/User/Wallet,application/modules/User/Wallet/views,https://www.mymiwallet.com/assets/images/MyMI-Wallet-Logo-1024x1024.png,,"2304 Ashland Ave.","Bossier City",LA,US,71111,https://www.facebook.com/MyMIWallet,0,0,0,0,0,0,0,0,0,0,0,0
73,Wallets_Deposit_Complete_???,"Deposit Complete | MyMI Wallet | The Future of Investments",https://www.mymiwallet.com/Wallets/Deposit-Complete,https://www.mymiwallet.com/Wallets/Deposit-Complete,Wallets/Deposit-Complete/???,User/Wallet,User/Wallets/Deposit_Complete/???,application/modules/User/Wallet,application/modules/User/Wallet/views,https://www.mymiwallet.com/assets/images/MyMI-Wallet-Logo-1024x1024.png,,"2304 Ashland Ave.","Bossier City",LA,US,71111,https://www.facebook.com/MyMIWallet,0,0,0,0,0,0,0,0,0,0,0,0
74,Add_Wallet_Deposit_Fetch,"Deposit Funds | MyMI Wallet | The Future of Investments",https://www.mymiwallet.com/Add-Wallet-Deposit-Fetch,https://www.mymiwallet.com/Add-Wallet-Deposit-Fetch,Add-Wallet-Deposit-Fetch/???,User/Wallet,User/Wallets/Add_Deposit_Fetch,application/modules/User/Wallet,application/modules/User/Wallet/views,https://www.mymiwallet.com/assets/images/MyMI-Wallet-Logo-1024x1024.png,,"2304 Ashland Ave.","Bossier City",LA,US,71111,https://www.facebook.com/MyMIWallet,0,0,0,0,0,0,0,0,0,0,0,0
75,Withdraw_Funds_???,"Withdraw Your Funds | MyMI Wallet | The Future of Investments",https://www.mymiwallet.com/Withdraw-Funds,https://www.mymiwallet.com/Withdraw-Funds,Withdraw-Funds/???,User/Wallet,User/Wallets/Withdraw_Funds,application/modules/User/Wallet,application/modules/User/Wallet/views,https://www.mymiwallet.com/assets/images/MyMI-Wallet-Logo-1024x1024.png,,"2304 Ashland Ave.","Bossier City",LA,US,71111,https://www.facebook.com/MyMIWallet,0,,0,0,0,0,0,0,0,0,0,0
76,Add_Wallet_Withdraw_Fetch_???,"Withdraw Your Funds | MyMI Wallet | The Future of Investments",https://www.mymiwallet.com/Add-Wallet-Withdraw-Fetch,https://www.mymiwallet.com/Add-Wallet-Withdraw-Fetch,Add-Wallet-Withdraw-Fetch/???,User/Wallet,User/Wallets/Add_Withdraw_Fetch,application/modules/User/Wallet,application/modules/User/Wallet/views,https://www.mymiwallet.com/assets/images/MyMI-Wallet-Logo-1024x1024.png,,"2304 Ashland Ave.","Bossier City",LA,US,71111,https://www.facebook.com/MyMIWallet,0,0,0,0,0,0,0,0,0,0,0,0
77,MyMI_Gold_Purchase_???,"Purchase MyMI Gold | MyMI Wallet | The Future of Investments",https://www.mymiwallet.com/MyMI-Gold/Purchase,https://www.mymiwallet.com/MyMI-Gold/Purchase,MyMI-Gold/Purchase/???,User/Wallet,User/Wallets/Purchase_Gold/???,application/modules/User/Wallet,application/modules/User/Wallet/views,https://www.mymiwallet.com/assets/images/MyMI-Wallet-Logo-1024x1024.png,,"2304 Ashland Ave.","Bossier City",LA,US,71111,https://www.facebook.com/MyMIWallet,0,,0,0,0,0,0,0,0,0,0,0
78,Purchase_MyMI_Gold,"Purchase MyMI Gold | MyMI Wallet | The Future of Investments",https://www.mymiwallet.com/Purchase-MyMI-Gold,https://www.mymiwallet.com/Purchase-MyMI-Gold,Purchase-MyMI-Gold,User/Wallet,User/Wallets/Purchase_MyMI_Gold,application/modules/User/Wallet,application/modules/User/Wallet/views,https://www.mymiwallet.com/assets/images/MyMI-Wallet-Logo-1024x1024.png,,"2304 Ashland Ave.","Bossier City",LA,US,71111,https://www.facebook.com/MyMIWallet,0,,0,0,0,0,0,0,0,0,0,0
79,Wallets_Address_Generator,"Generate Your Wallet Address | MyMI Wallet | The Future of Investments",https://www.mymiwallet.com/Wallets/Address-Generator,https://www.mymiwallet.com/Wallets/Address-Generator,Wallets/Address-Generator,User/Wallet,User/Wallets/Generate_Wallet,application/modules/User/Wallet,application/modules/User/Wallet/views,https://www.mymiwallet.com/assets/images/MyMI-Wallet-Logo-1024x1024.png,,"2304 Ashland Ave.","Bossier City",LA,US,71111,https://www.facebook.com/MyMIWallet,0,0,0,0,0,0,0,0,0,0,0,0
80,Wallet_Details,"Wallet Details | MyMI Wallet | The Future of Investments",https://www.mymiwallet.com/Wallet-Detail,https://www.mymiwallet.com/Wallet-Detail,Wallet-Details/???,User/Wallet,User/Wallets/Details,application/modules/User/Wallet,application/modules/User/Wallet/views,https://www.mymiwallet.com/assets/images/MyMI-Wallet-Logo-1024x1024.png,,"2304 Ashland Ave.","Bossier City",LA,US,71111,https://www.facebook.com/MyMIWallet,0,0,0,0,0,0,0,0,0,0,0,0
81,MyMI_Gold_Complete_Purchase_???,"Complete Purchase | Purchase MyMI Gold | MyMI Wallet",https://www.mymiwallet.com/MyMI-Gold/Complete-Purchase,https://www.mymiwallet.com/MyMI-Gold/Complete-Purchase,MyMI-Gold/Complete-Purchase/???,User/Wallet,User/Wallets/Complete_Purchase,application/modules/User/Wallet,application/modules/User/Wallet/views,https://www.mymiwallet.com/assets/images/MyMI-Wallet-Logo-1024x1024.png,,"2304 Ashland Ave.","Bossier City",LA,US,71111,https://www.facebook.com/MyMIWallet,0,,0,0,0,0,0,0,0,0,0,0
82,MyMI_Gold_Purchase_Complete_???,"Purchase Complete | Purchase MyMI Gold | MyMI Wallet",https://www.mymiwallet.com/MyMI-Gold/Purchase-Complete,https://www.mymiwallet.com/MyMI-Gold/Purchase-Complete,MyMI-Gold/Purchase-Complete/???,User/Wallet,User/Wallets/Purchase_Complete/???,application/modules/User/Wallet,application/modules/User/Wallet/views,https://www.mymiwallet.com/assets/images/MyMI-Wallet-Logo-1024x1024.png,,"2304 Ashland Ave.","Bossier City",LA,US,71111,https://www.facebook.com/MyMIWallet,0,,0,0,0,0,0,0,0,0,0,0
83,Wallets_Purchase_Coins_Transactions,"Coin Purchase Transaction | Purchase MyMI Gold | MyMI Wallet",https://www.mymiwallet.com/Wallets/Purchase-Coins-Transaction,https://www.mymiwallet.com/Wallets/Purchase-Coins-Transaction,Wallets/Purchase-Coins-Transaction,User/Wallet,User/Wallets/Purchase_Coins_Transaction,application/modules/User/Wallet,application/modules/User/Wallet/views,https://www.mymiwallet.com/assets/images/MyMI-Wallet-Logo-1024x1024.png,,"2304 Ashland Ave.","Bossier City",LA,US,71111,https://www.facebook.com/MyMIWallet,0,0,0,0,0,0,0,0,0,0,0,0
84,Support,"Customer Support | MyMI Wallet | The Future of Wealth",https://www.mymiwallet.com/Support,https://www.mymiwallet.com/Support,Support,User/Support,User/Support/index,application/modules/User/Support,application/modules/User/Support/views,https://www.mymiwallet.com/assets/images/MyMI-Wallet-Logo-1024x1024.png,,"2304 Ashland Ave.","Bossier City",LA,US,71111,https://www.facebook.com/MyMIWallet,0,,0,0,0,0,0,0,0,0,0,0
85,Support_Communication_Manager,"Communication Manager | MyMI Wallet | The Future of Wealth",https://www.mymiwallet.com/Support/Communication-Manager,https://www.mymiwallet.com/Support/Communication-Manager,Support/Communication-Manager,User/Support,User/Support/Communication_Manager,application/modules/User/Support,application/modules/User/Support/views,https://www.mymiwallet.com/assets/images/MyMI-Wallet-Logo-1024x1024.png,,"2304 Ashland Ave.","Bossier City",LA,US,71111,https://www.facebook.com/MyMIWallet,0,,0,0,0,0,0,0,0,0,0,0
86,Support_My_Requests,"My Support Request | MyMI Wallet | The Future of Wealth",https://www.mymiwallet.com/Support/My-Requests,https://www.mymiwallet.com/Support/My-Requests,Support/My-Requests,User/Support,User/Support/My_Requests,application/modules/User/Support,application/modules/User/Support/views,https://www.mymiwallet.com/assets/images/MyMI-Wallet-Logo-1024x1024.png,,"2304 Ashland Ave.","Bossier City",LA,US,71111,https://www.facebook.com/MyMIWallet,0,,0,0,0,0,0,0,0,0,0,0
87,Knowledge_Base,"Customer Support Knowledge Base | MyMI Wallet",https://www.mymiwallet.com/Knowledge-Base/,https://www.mymiwallet.com/Knowledge-Base/,Knowledge-Base,User/Knowledgebase,User/Knowledgebase/index,application/modules/User/Knowledgebase,application/modules/User/Knowledgebase/views,https://www.mymiwallet.com/assets/images/MyMI-Wallet-Logo-1024x1024.png,,"2304 Ashland Ave.","Bossier City",LA,US,71111,https://www.facebook.com/MyMIWallet,0,,0,0,0,0,0,0,0,0,0,0
88,Knowledge_Base_Account_And_Billing,"Account and Billing | Customer Knowledge Base | MyMI Wallet",https://www.mymiwallet.com/Knowledge-Base/Account-And-Billing,https://www.mymiwallet.com/Knowledge-Base/Account-And-Billing,Knowledge-Base/Account-And-Billing,User/Knowledgebase,User/Knowledgebase/Account_Billing,application/modules/User/Knowledgebase,application/modules/User/Knowledgebase/views,https://www.mymiwallet.com/assets/images/MyMI-Wallet-Logo-1024x1024.png,,"2304 Ashland Ave.","Bossier City",LA,US,71111,https://www.facebook.com/MyMIWallet,0,,0,0,0,0,0,0,0,0,0,0
89,Knowledge_Base_Assets,"Assets | Customer Knowledge Base | MyMI Wallet",https://www.mymiwallet.com/Knowledge-Base/Assets,https://www.mymiwallet.com/Knowledge-Base/Assets,Knowledge-Base/Assets,User/Knowledgebase,User/Knowledgebase/Assets,application/modules/User/Knowledgebase,application/modules/User/Knowledgebase/views,https://www.mymiwallet.com/assets/images/MyMI-Wallet-Logo-1024x1024.png,,"2304 Ashland Ave.","Bossier City",LA,US,71111,https://www.facebook.com/MyMIWallet,0,,0,0,0,0,0,0,0,0,0,0
90,Knowledge_Base_Getting_Started,"Getting Started | Customer Knowledge Base | MyMI Wallet",https://www.mymiwallet.com/Knowledge-Base/Getting-Started,https://www.mymiwallet.com/Knowledge-Base/Getting-Started,Knowledge-Base/Getting-Started,User/Knowledgebase,User/Knowledgebase/Getting_Started,application/modules/User/Knowledgebase,application/modules/User/Knowledgebase/views,https://www.mymiwallet.com/assets/images/MyMI-Wallet-Logo-1024x1024.png,,"2304 Ashland Ave.","Bossier City",LA,US,71111,https://www.facebook.com/MyMIWallet,0,,0,0,0,0,0,0,0,0,0,0
91,Knowledge_Base_Integrating_Wallets,"Integrating Wallets | Customer Knowledge Base | MyMI Wallet",https://www.mymiwallet.com/Knowledge-Base/Integrating-Wallets,https://www.mymiwallet.com/Knowledge-Base/Integrating-Wallets,Knowledge-Base/Integrating-Wallets,User/Knowledgebase,User/Knowledgebase/Integrating_Wallets,application/modules/User/Knowledgebase,application/modules/User/Knowledgebase/views,https://www.mymiwallet.com/assets/images/MyMI-Wallet-Logo-1024x1024.png,,"2304 Ashland Ave.","Bossier City",LA,US,71111,https://www.facebook.com/MyMIWallet,0,0,0,0,0,0,0,0,0,0,0,0
92,Knowledge_Base_Investor_Profile,"Investor Profile | Customer Knowledge Base | MyMI Wallet",https://www.mymiwallet.com/Knowledge-Base/Investor-Profile,https://www.mymiwallet.com/Knowledge-Base/Investor-Profile,Knowledge-Base/Investor-Profile,User/Knowledgebase,User/Knowledgebase/Investor-Profile,application/modules/User/Knowledgebase,application/modules/User/Knowledgebase/views,https://www.mymiwallet.com/assets/images/MyMI-Wallet-Logo-1024x1024.png,,"2304 Ashland Ave.","Bossier City",LA,US,71111,https://www.facebook.com/MyMIWallet,0,,0,0,0,0,0,0,0,0,0,0
93,Knowledge_Base_KYC_Verification,"KYC Verification | Customer Knowledge Base | MyMI Wallet",https://www.mymiwallet.com/Knowledge-Base/KYC-Verification,https://www.mymiwallet.com/Knowledge-Base/KYC-Verification,Knowledge-Base/KYC-Verification,User/Knowledgebase,User/Knowledgebase/KYC_Verification,application/modules/User/Knowledgebase,application/modules/User/Knowledgebase/views,https://www.mymiwallet.com/assets/images/MyMI-Wallet-Logo-1024x1024.png,,"2304 Ashland Ave.","Bossier City",LA,US,71111,https://www.facebook.com/MyMIWallet,0,,0,0,0,0,0,0,0,0,0,0
94,Knowledge_Base_MyMI_Partnerships,"MyMI Partnerships | Customer Knowledge Base | MyMI Wallet",https://www.mymiwallet.com/Knowledge-Base/MyMI-Partnerships,https://www.mymiwallet.com/Knowledge-Base/MyMI-Partnerships,Knowledge-Base/MyMI-Partnerships,User/Knowledgebase,User/Knowledgebase/Partnerships,application/modules/User/Knowledgebase,application/modules/User/Knowledgebase/views,https://www.mymiwallet.com/assets/images/MyMI-Wallet-Logo-1024x1024.png,,"2304 Ashland Ave.","Bossier City",LA,US,71111,https://www.facebook.com/MyMIWallet,0,,0,0,0,0,0,0,0,0,0,0
95,Knowledge_Base_Technical_Support,"Technical Support | Customer Knowledge Base | MyMI Wallet",https://www.mymiwallet.com/Knowledge-Base/Technical-Support,https://www.mymiwallet.com/Knowledge-Base/Technical-Support,Knowledge-Base/Technical-Support,User/Knowledgebase,User/Knowledgebase/Technical_Support,application/modules/User/Knowledgebase,application/modules/User/Knowledgebase/views,https://www.mymiwallet.com/assets/images/MyMI-Wallet-Logo-1024x1024.png,,"2304 Ashland Ave.","Bossier City",LA,US,71111,https://www.facebook.com/MyMIWallet,0,,0,0,0,0,0,0,0,0,0,0
96,Knowledge_Base_Trade_Tracker,"Trade Tracker | Customer Knowledge Base | MyMI Wallet",https://www.mymiwallet.com/Knowledge-Base/Trade-Tracker,https://www.mymiwallet.com/Knowledge-Base/Trade-Tracker,Knowledge-Base/Trade-Tracker,User/Knowledgebase,User/Knowledgebase/Trade_Tracker,application/modules/User/Knowledgebase,application/modules/User/Knowledgebase/views,https://www.mymiwallet.com/assets/images/MyMI-Wallet-Logo-1024x1024.png,,"2304 Ashland Ave.","Bossier City",LA,US,71111,https://www.facebook.com/MyMIWallet,0,,0,0,0,0,0,0,0,0,0,0
97,Knowledge_Base_Types_Of_Accounts,"Types of Accounts | Customer Knowledge Base | MyMI Wallet",https://www.mymiwallet.com/Knowledge-Base/Types-Of-Accounts,https://www.mymiwallet.com/Knowledge-Base/Types-Of-Accounts,Knowledge-Base/Types-Of-Accounts,User/Knowledgebase,User/Knowledgebase/Types_Of_Accounts,application/modules/User/Knowledgebase,application/modules/User/Knowledgebase/views,https://www.mymiwallet.com/assets/images/MyMI-Wallet-Logo-1024x1024.png,,"2304 Ashland Ave.","Bossier City",LA,US,71111,https://www.facebook.com/MyMIWallet,0,,0,0,0,0,0,0,0,0,0,0
98,Management_Assets,"Assets | MyMI Wallet Management",https://www.mymiwallet.com/Management/Assets,https://www.mymiwallet.com/Management/Assets,Management/Assets,Management/Assets,Management/Assets/index,application/modules/Management/Assets,application/modules/Management/Assets/views,https://www.mymiwallet.com/assets/images/MyMI-Wallet-Logo-1024x1024.png,,"2304 Ashland Ave.","Bossier City",LA,US,71111,https://www.facebook.com/MyMIWallet,0,,0,0,0,0,0,0,0,0,0,0
99,Management_Assets_Application,"Asset Applications | MyMI Wallet Management",https://www.mymiwallet.com/Management/Assets/Application,https://www.mymiwallet.com/Management/Assets/Application,Management/Assets/Application,Management/Assets,Management/Assets/Applications,application/modules/Management/Assets,application/modules/Management/Assets/views,https://www.mymiwallet.com/assets/images/MyMI-Wallet-Logo-1024x1024.png,,"2304 Ashland Ave.","Bossier City",LA,US,71111,https://www.facebook.com/MyMIWallet,0,,0,0,0,0,0,0,0,0,0,0
100,Management_Assets_Application_Approve_???,"Approve Application | Asset Management | MyMI Wallet",https://www.mymiwallet.com/Management/Assets/Application/Aprove,https://www.mymiwallet.com/Management/Assets/Application/Aprove,Management/Assets/Application/Approve/???,Management/Assets,Management/Assets/Approval/???,application/modules/Management/Assets,application/modules/Management/Assets/views,https://www.mymiwallet.com/assets/images/MyMI-Wallet-Logo-1024x1024.png,,"2304 Ashland Ave.","Bossier City",LA,US,71111,https://www.facebook.com/MyMIWallet,0,,0,0,0,0,0,0,0,0,0,0
101,Management_Assets_Application_Deny_???,"Deny Application | Asset Management | MyMI Wallet",https://www.mymiwallet.com/Management/Assets/Application/Deny,https://www.mymiwallet.com/Management/Assets/Application/Deny,Management/Assets/Application/Deny/????,Management/Assets,Management/Assets/Deny/???,application/modules/Management/Assets,application/modules/Management/Assets/views,https://www.mymiwallet.com/assets/images/MyMI-Wallet-Logo-1024x1024.png,,"2304 Ashland Ave.","Bossier City",LA,US,71111,https://www.facebook.com/MyMIWallet,0,,0,0,0,0,0,0,0,0,0,0
102,Management_Assets_Application_Details_???_???,"Application Details | Asset Management | MyMI Wallet",https://www.mymiwallet.com/Management/Assets/Application/Details,https://www.mymiwallet.com/Management/Assets/Application/Details,Management/Assets/Application/Details/???/???,Management/Assets,Management/Assets/Details,application/modules/Management/Assets,application/modules/Management/Assets/views,https://www.mymiwallet.com/assets/images/MyMI-Wallet-Logo-1024x1024.png,,"2304 Ashland Ave.","Bossier City",LA,US,71111,https://www.facebook.com/MyMIWallet,0,,0,0,0,0,0,0,0,0,0,0
103,Management_Assets_Distribute,"Distribute Asset | Asset Management | MyMI Wallet",https://www.mymiwallet.com/Management/Assets/Distribute,https://www.mymiwallet.com/Management/Assets/Distribute,Management/Assets/Application/Distribute,Management/Assets,Management/Assets/Distribute,application/modules/Management/Assets,application/modules/Management/Assets/views,https://www.mymiwallet.com/assets/images/MyMI-Wallet-Logo-1024x1024.png,,"2304 Ashland Ave.","Bossier City",LA,US,71111,https://www.facebook.com/MyMIWallet,0,,0,0,0,0,0,0,0,0,0,0
104,Management_Support,"Support Management | MyMI Wallet Management",https://www.mymiwallet.com/Management/Support,https://www.mymiwallet.com/Management/Support,Management/Support,Management/Support,Management/Support/index,application/modules/Management/Support,application/modules/Management/Support/views,https://www.mymiwallet.com/assets/images/MyMI-Wallet-Logo-1024x1024.png,,"2304 Ashland Ave.","Bossier City",LA,US,71111,https://www.facebook.com/MyMIWallet,0,,0,0,0,0,0,0,0,0,0,0
105,Management_ManType_Support,"Support Management | MyMI Wallet Management",https://www.mymiwallet.com/Management/Support,https://www.mymiwallet.com/Management/Support,Management/Support,Management/Support,Management/Support/index,application/modules/Management/Support,application/modules/Management/Support/views,https://www.mymiwallet.com/assets/images/MyMI-Wallet-Logo-1024x1024.png,,"2304 Ashland Ave.","Bossier City",LA,US,71111,https://www.facebook.com/MyMIWallet,0,,0,0,0,0,0,0,0,0,0,0
106,Management_ManType_Support_Request_???,"Support Requests | Support Management | MyMI Wallet",https://www.mymiwallet.com/Management/Support/Requests,https://www.mymiwallet.com/Management/Support/Requests,Management/Support/Requests/???,Management/Support,Management/Support/Requests,application/modules/Management/Support,application/modules/Management/Support/views,https://www.mymiwallet.com/assets/images/MyMI-Wallet-Logo-1024x1024.png,,"2304 Ashland Ave.","Bossier City",LA,US,71111,https://www.facebook.com/MyMIWallet,0,,0,0,0,0,0,0,0,0,0,0
107,Management_Users,"User Management | MyMI Wallet",https://www.mymiwallet.com/Management/Users,https://www.mymiwallet.com/Management/Users,Management/User,Management/User,Management/User,application/modules/Management/User,application/modules/Management/User/views,https://www.mymiwallet.com/assets/images/MyMI-Wallet-Logo-1024x1024.png,,"2304 Ashland Ave.","Bossier City",LA,US,71111,https://www.facebook.com/MyMIWallet,0,,0,0,0,0,0,0,0,0,0,0
108,Management_Users_Assets_???,"User Assets | User Management | MyMI Wallet",https://www.mymiwallet.com/Management/Users/Assets,https://www.mymiwallet.com/Management/Users/Assets,Management/User/Assets/???,Management/User,Management/User/Assets,application/modules/Management/User,application/modules/Management/User/views,https://www.mymiwallet.com/assets/images/MyMI-Wallet-Logo-1024x1024.png,,"2304 Ashland Ave.","Bossier City",LA,US,71111,https://www.facebook.com/MyMIWallet,0,,0,0,0,0,0,0,0,0,0,0
109,Management_Users_Block_???,"Block User | User Management | MyMI Wallet",https://www.mymiwallet.com/Management/Users/Block,https://www.mymiwallet.com/Management/Users/Block,Management/User/Block/???,Management/User,Management/User/Block,application/modules/Management/User,application/modules/Management/User/views,https://www.mymiwallet.com/assets/images/MyMI-Wallet-Logo-1024x1024.png,,"2304 Ashland Ave.","Bossier City",LA,US,71111,https://www.facebook.com/MyMIWallet,0,,0,0,0,0,0,0,0,0,0,0
110,Management_Users__Distribute_???,"Distribute Asset | Asset Management | MyMI Wallet",https://www.mymiwallet.com/Management/Users/Distribute,https://www.mymiwallet.com/Management/Users/Distribute,Management/User/Distribute/???,Management/User,Management/User/Distribute,application/modules/Management/User,application/modules/Management/User/views,https://www.mymiwallet.com/assets/images/MyMI-Wallet-Logo-1024x1024.png,,"2304 Ashland Ave.","Bossier City",LA,US,71111,https://www.facebook.com/MyMIWallet,0,,0,0,0,0,0,0,0,0,0,0
111,Management_Users_Force_Reset_???,"Force User Password Reset | User Management | MyMI Wallet",https://www.mymiwallet.com/Management/Users/Force-Reset,https://www.mymiwallet.com/Management/Users/Force-Reset,Management/User/Force-Reset/???,Management/User,Management/User/Force_Reset,application/modules/Management/User,application/modules/Management/User/views,https://www.mymiwallet.com/assets/images/MyMI-Wallet-Logo-1024x1024.png,,"2304 Ashland Ave.","Bossier City",LA,US,71111,https://www.facebook.com/MyMIWallet,0,,0,0,0,0,0,0,0,0,0,0
112,Management_Users_Orders_???,"Investor Order | User Management | MyMI Wallet",https://www.mymiwallet.com/Management/Users/Orders,https://www.mymiwallet.com/Management/Users/Orders,Management/User/Orders/???,Management/User,Management/User/Orders,application/modules/Management/User,application/modules/Management/User/views,https://www.mymiwallet.com/assets/images/MyMI-Wallet-Logo-1024x1024.png,,"2304 Ashland Ave.","Bossier City",LA,US,71111,https://www.facebook.com/MyMIWallet,0,,0,0,0,0,0,0,0,0,0,0
113,Admin_Add_External_Site,"Add External Site | Design Management| MyMI Wallet",https://www.mymiwallet.com/Admin/Add-External-Site,https://www.mymiwallet.com/Admin/Add-External-Site,Admin/Add-External-Site,Management/Admin,Management/Admin/Add_External_Site,application/modules/Management/Admin,application/modules/Management/Admin/views,https://www.mymiwallet.com/assets/images/MyMI-Wallet-Logo-1024x1024.png,,"2304 Ashland Ave.","Bossier City",LA,US,71111,https://www.facebook.com/MyMIWallet,0,,0,0,0,0,0,0,0,0,0,0
114,Content_Creator,"Content Creator | Design Management | MyMI Wallet",https://www.mymiwallet.com/Content-Creator,https://www.mymiwallet.com/Content-Creator,Content-Creator,Management/Web_Design,Management/Web_Design/Content_Creator,application/modules/Management/Web_Design,application/modules/Management/Web_Design/views,https://www.mymiwallet.com/assets/images/MyMI-Wallet-Logo-1024x1024.png,,"2304 Ashland Ave.","Bossier City",LA,US,71111,https://www.facebook.com/MyMIWallet,0,,0,0,0,0,0,0,0,0,0,0
115,Test_Page,"Test Page | Design Management | MyMI Wallet",https://www.mymiwallet.com/Test-Page,https://www.mymiwallet.com/Test-Page,Test-Page,Management/Web_Design,Management/Web_Design/Test_Page,application/modules/Management/Web_Design,application/modules/Management/Web_Design/views,https://www.mymiwallet.com/assets/images/MyMI-Wallet-Logo-1024x1024.png,,"2304 Ashland Ave.","Bossier City",LA,US,71111,https://www.facebook.com/MyMIWallet,0,,0,0,0,0,0,0,0,0,0,0
116,Web_Design,"Web Design | Design Management | MyMI Wallet",https://www.mymiwallet.com/Web-Design/,https://www.mymiwallet.com/Web-Design/,Management/Web-Design,Management/Web_Design,Management/Web_Design/index,application/modules/Management/Web_Design,application/modules/Management/Web_Design/views,https://www.mymiwallet.com/assets/images/MyMI-Wallet-Logo-1024x1024.png,,"2304 Ashland Ave.","Bossier City",LA,US,71111,https://www.facebook.com/MyMIWallet,0,,0,0,0,0,0,0,0,0,0,0
117,Web_Design_Charts,"Charts | Design Management | MyMI Wallet",https://www.mymiwallet.com/Web-Design/Charts,https://www.mymiwallet.com/Web-Design/Charts,Management/Web-Design/Charts,Management/Web_Design,Management/Web_Design/Charts,application/modules/Management/Web_Design,application/modules/Management/Web_Design/views,https://www.mymiwallet.com/assets/images/MyMI-Wallet-Logo-1024x1024.png,,"2304 Ashland Ave.","Bossier City",LA,US,71111,https://www.facebook.com/MyMIWallet,0,,0,0,0,0,0,0,0,0,0,0
118,Web_Design_Forms,"Forms | Design Management | MyMI Wallet",https://www.mymiwallet.com/Web-Design/Forms,https://www.mymiwallet.com/Web-Design/Forms,Management/Web-Design/Forms,Management/Web_Design,Management/Web_Design/Forms,application/modules/Management/Web_Design,application/modules/Management/Web_Design/views,https://www.mymiwallet.com/assets/images/MyMI-Wallet-Logo-1024x1024.png,,"2304 Ashland Ave.","Bossier City",LA,US,71111,https://www.facebook.com/MyMIWallet,0,,0,0,0,0,0,0,0,0,0,0
119,Web_Design_Icons,"Icon | Design Management | MyMI Wallet",https://www.mymiwallet.com/Web-Design/Icon,https://www.mymiwallet.com/Web-Design/Icon,Management/Web-Design/Icons,Management/Web_Design,Management/Web_Design/Icons,application/modules/Management/Web_Design,application/modules/Management/Web_Design/views,https://www.mymiwallet.com/assets/images/MyMI-Wallet-Logo-1024x1024.png,,"2304 Ashland Ave.","Bossier City",LA,US,71111,https://www.facebook.com/MyMIWallet,0,,0,0,0,0,0,0,0,0,0,0
120,Web_Design_Tables,"Tables | Design Management | MyMI Wallet",https://www.mymiwallet.com/Web-Design/Tables,https://www.mymiwallet.com/Web-Design/Tables,Management/Web-Design/Tables,Management/Web_Design,Management/Web_Design/Tables,application/modules/Management/Web_Design,application/modules/Management/Web_Design/views,https://www.mymiwallet.com/assets/images/MyMI-Wallet-Logo-1024x1024.png,,"2304 Ashland Ave.","Bossier City",LA,US,71111,https://www.facebook.com/MyMIWallet,0,,0,0,0,0,0,0,0,0,0,0
121,Web_Design_Test_Page,"Test Page | Design Management | MyMI Wallet",https://www.mymiwallet.com/Web-Design/Test-Page,https://www.mymiwallet.com/Web-Design/Test-Page,Management/Web-Design/Test-Page,Management/Web_Design,Management/Web_Design/Test-Page,application/modules/Management/Web_Design,application/modules/Management/Web_Design/views,https://www.mymiwallet.com/assets/images/MyMI-Wallet-Logo-1024x1024.png,,"2304 Ashland Ave.","Bossier City",LA,US,71111,https://www.facebook.com/MyMIWallet,0,,0,0,0,0,0,0,0,0,0,0
122,Web_Design_Test_Page_CB,"Test Page | Design Management | MyMI Wallet",https://www.mymiwallet.com/Web-Design/Test-Page-CB,https://www.mymiwallet.com/Web-Design/Test-Page-CB,Management/Web-Design/Test-Page-CB,Management/Web_Design,Management/Web_Design/Test-Page-CB,application/modules/Management/Web_Design,application/modules/Management/Web_Design/views,https://www.mymiwallet.com/assets/images/MyMI-Wallet-Logo-1024x1024.png,,"2304 Ashland Ave.","Bossier City",LA,US,71111,https://www.facebook.com/MyMIWallet,0,,0,0,0,0,0,0,0,0,0,0
123,Web_Design_Test_Page_Email,"Test Email | Design Management | MyMI Wallet",https://www.mymiwallet.com/Web-Design/Test-Page-Email,https://www.mymiwallet.com/Web-Design/Test-Page-Email,Management/Web-Design/Test-Page-Email,Management/Web_Design,Management/Web_Design/Test-Page-Email,application/modules/Management/Web_Design,application/modules/Management/Web_Design/views,https://www.mymiwallet.com/assets/images/MyMI-Wallet-Logo-1024x1024.png,,"2304 Ashland Ave.","Bossier City",LA,US,71111,https://www.facebook.com/MyMIWallet,0,,0,0,0,0,0,0,0,0,0,0
124,Web_Design_UI_Elements,"UI Elements | Design Management | MyMI Wallet",https://www.mymiwallet.com/Web-Design/UI-Elements,https://www.mymiwallet.com/Web-Design/UI-Elements,Management/Web-Design/UI-Elements,Management/Web_Design,Management/Web_Design/UI_Elements,application/modules/Management/Web_Design,application/modules/Management/Web_Design/views,https://www.mymiwallet.com/assets/images/MyMI-Wallet-Logo-1024x1024.png,,"2304 Ashland Ave.","Bossier City",LA,US,71111,https://www.facebook.com/MyMIWallet,0,,0,0,0,0,0,0,0,0,0,0
125,Community,"Investing Community of Investors | MyMI Wallets ",https://www.mymiwallet.com/Community,https://www.mymiwallet.com/Community,,,,application/modules/,application/modules//views,https://www.mymiwallet.com/assets/images/MyMI-Wallet-Logo-1024x1024.png,"Community of Investment |  Network for free stock discussions, prices, and market sentiment with fellow investors and traders","2304 Ashland Ave.","Bossier City",LA,US,71111,https://www.facebook.com/MyMIWallet,0,,0,0,0,0,0,0,0,0,0,0
126,Stock_Search,"Search Stocks, ETFs & Bonds | MyMI Wallets",https://www.mymiwallet.com/Search-Stocks,https://www.mymiwallet.com/Search-Stocks,,,,application/modules/,application/modules//views,https://www.mymiwallet.com/assets/images/MyMI-Wallet-Logo-1024x1024.png,"Search All Stocks, ETFs, & Bonds | Find the right investment when searching for the top stocks of the day and more. ","2304 Ashland Ave.","Bossier City",LA,US,71111,https://www.facebook.com/MyMIWallet,0,,0,0,0,0,0,0,0,0,0,0
127,News,"Daily Stocks, ETF & Bonds New | MyMI Wallets",https://www.mymiwallet.com/News,https://www.mymiwallet.com/News,,,,application/modules/,application/modules//views,https://www.mymiwallet.com/assets/images/MyMI-Wallet-Logo-1024x1024.png,"Daily News about the Top Stocks, ETF & Bonds in Today's Volatile Markets | Coronavirus Pandemic Updates & News","2304 Ashland Ave.","Bossier City",LA,US,71111,https://www.facebook.com/MyMIWallet,0,,0,0,0,0,0,0,0,0,0,0
128,Verify_Email,"Registration Email | Verify Your Account | MyMI Wallets",https://www.mymiwallet.com/Verify-Email,https://www.mymiwallet.com/Verify-Email,,,,application/modules/,application/modules//views,https://www.mymiwallet.com/assets/images/MyMI-Wallet-Logo-1024x1024.png,"Thank you for registering your account at MyMI Wallets. Please verify your email address to continue.","2304 Ashland Ave.","Bossier City",LA,US,71111,https://www.facebook.com/MyMIWallet,0,,0,0,0,0,0,0,0,0,0,0
129,Blog,"Investing &amp; Trading Blog | MyMI Wallets ",https://www.mymiwallet.com/Blog,https://www.mymiwallet.com/Blog,,,,application/modules/,application/modules//views,https://www.mymiwallet.com/assets/images/MyMI-Wallet-Logo-1024x1024.png,"Blog of Investment &amp; Trading Ideas |  Stock discussions, prices, market movements and more.","2304 Ashland Ave.","Bossier City",LA,US,71111,https://www.facebook.com/MyMIWallet,0,,0,0,0,0,0,0,0,0,0,0
130,Login,"Login | MyMI Wallets",https://www.mymiwallet.com/login,https://www.mymiwallet.com/login,,,,application/modules/,application/modules//views,https://www.mymiwallet.com/assets/images/MyMI-Wallet-Logo-1024x1024.png,"Login | MyMI Wallets - Start Investing & Earn More Profits Daily | Daily Advance Investing Alerts & Screeners | Stock Charts & Historical Data","2304 Ashland Ave.","Bossier City",LA,US,71111,https://www.facebook.com/MyMIWallet,0,,0,0,0,0,0,0,0,0,0,0
131,Edit_Profile,"Edit User Profile | MyMI Wallets",https://www.mymiwallet.com/Edit-Profile,https://www.mymiwallet.com/Edit-Profile,,,,application/modules/,application/modules//views,https://www.mymiwallet.com/assets/images/MyMI-Wallet-Logo-1024x1024.png,"Edit Your User Profile Information | MyMI Wallets | The Best in Investments","2304 Ashland Ave.","Bossier City",LA,US,71111,https://www.facebook.com/MyMIWallet,0,,0,0,0,0,0,0,0,0,0,0
132,User_Profile,"User Profile | MyMI Wallets | The Best in Investments",https://www.mymiwallet.com/users/profile,https://www.mymiwallet.com/users/profile,,,,application/modules/,application/modules//views,https://www.mymiwallet.com/assets/images/MyMI-Wallet-Logo-1024x1024.png,"View User Profile | MyMI Wallets | The Best in Investments","2304 Ashland Ave.","Bossier City",LA,US,71111,https://www.facebook.com/MyMIWallet,0,,0,0,0,0,0,0,0,0,0,0
133,Investor_Sentiment,"Investor Sentiment | The Future of the Stock Market",https://www.mymiwallet.com/News/Investor-Sentiment,https://www.mymiwallet.com/News/Investor-Sentiment,,,,application/modules/,application/modules//views,https://www.mymiwallet.com/assets/images/MyMI-Wallet-Logo-1024x1024.png,"MyMI Wallets | Investor Sentiment Survey | In-Depth View of Investor's Sentiment regarding the Stock Market","2304 Ashland Ave.","Bossier City",LA,US,71111,https://www.facebook.com/MyMIWallet,0,,0,0,0,0,0,0,0,0,0,0
134,Weekly_Performance_Report,"Weekly Trade Alert Performance Report | MyMI Wallets",https://www.mymiwallet.com/Weekly-Performance-Report,https://www.mymiwallet.com/Weekly-Performance-Report,,,,application/modules/,application/modules//views,https://www.mymiwallet.com/assets/images/MyMI-Wallet-Logo-1024x1024.png,"MyMI Wallets | Weekly Trade Alert Performance Report | View our Weekly Trade Alert Performance Report ","2304 Ashland Ave.","Bossier City",LA,US,71111,https://www.facebook.com/MyMIWallet,0,,0,0,0,0,0,0,0,0,0,0
135,Customer_Support_Request,"Customer Support | Submit A Support Request | MyMI Wallets",https://www.mymiwallet.com/Customer-Support,https://www.mymiwallet.com/Customer-Support,,,,application/modules/,application/modules//views,https://www.mymiwallet.com/assets/images/MyMI-Wallet-Logo-1024x1024.png,"Customer Support | Get assistance and support to better utilize our trading alert system and optimize your return on investments.","2304 Ashland Ave.","Bossier City",LA,US,71111,https://www.facebook.com/MyMIWallet,0,,0,0,0,0,0,0,0,0,0,0
136,Customer_Support_Response,"Customer Support - Support Message  Center | MyMI Wallets",https://www.mymiwallet.com/Customer-Support/Responses,https://www.mymiwallet.com/Customer-Support/Responses,,,,application/modules/,application/modules//views,https://www.mymiwallet.com/assets/images/MyMI-Wallet-Logo-1024x1024.png,"Customer Support Message Center","2304 Ashland Ave.","Bossier City",LA,US,71111,https://www.facebook.com/MyMIWallet,0,,0,0,0,0,0,0,0,0,0,0
137,How_It_Works_Trade_Tracker,"Premium Trade & Investment Tracker Tool | How It Works ",https://www.mymiwallet.com/How-It-Works/Trade-Tracker,https://www.mymiwallet.com/How-It-Works/Trade-Tracker,,,,application/modules/,application/modules//views,https://www.mymiwallet.com/assets/images/MyMI-Wallet-Logo-1024x1024.png,"MyMI Wallets provides Investors & Traders a Social Network Platform to Receive & Share Trade Alerts, Joining the Daily Trading Conversation & More!","2304 Ashland Ave.","Bossier City",LA,US,71111,https://www.facebook.com/MyMIWallet,0,,0,0,0,0,0,0,0,0,0,0
138,How_It_Works_Updating_Trade_Tracker,"Updating Premium Trade & Investment Tracker Tool | How It Works ",https://www.mymiwallet.com/How-It-Works/Updating-Trade-Tracker,https://www.mymiwallet.com/How-It-Works/Updating-Trade-Tracker,,,,application/modules/,application/modules//views,https://www.mymiwallet.com/assets/images/MyMI-Wallet-Logo-1024x1024.png,"Premium Trade & Investment Tracker Tool | Learn how to utilize our trade tracker to improve your investment & trading strategies at MyMI Wallets","2304 Ashland Ave.","Bossier City",LA,US,71111,https://www.facebook.com/MyMIWallet,0,,0,0,0,0,0,0,0,0,0,0
139,How_It_Works_Closing_Trade_Tracker,"Closing Premium Trade & Investment Tracker Position | How It Works ",https://www.mymiwallet.com/How-It-Works/Closing-Trade-Tracker,https://www.mymiwallet.com/How-It-Works/Closing-Trade-Tracker,,,,application/modules/,application/modules//views,https://www.mymiwallet.com/assets/images/MyMI-Wallet-Logo-1024x1024.png,"Premium Trade & Investment Tracker Tool | Learn how to utilize our trade tracker to improve your investment & trading strategies at MyMI Wallets","2304 Ashland Ave.","Bossier City",LA,US,71111,https://www.facebook.com/MyMIWallet,0,,0,0,0,0,0,0,0,0,0,0
140,How_It_Works,"Learn How It Works | MyMI Wallets",https://www.mymiwallet.com/How-It-Works,https://www.mymiwallet.com/How-It-Works,,,,application/modules/,application/modules//views,https://www.mymiwallet.com/assets/images/MyMI-Wallet-Logo-1024x1024.png,"MyMI Wallets provides Investors & Traders a Social Network Platform to Receive & Share Trade Alerts, Joining the Daily Trading Conversation & More!","2304 Ashland Ave.","Bossier City",LA,US,71111,https://www.facebook.com/MyMIWallet,0,,0,0,0,0,0,0,0,0,0,0
141,How_It_Works_Due_Diligence_Database,"Due Diligence Database | How It Works",https://www.mymiwallet.com/How-It-Works/Due-Diligence-Database,https://www.mymiwallet.com/How-It-Works/Due-Diligence-Database,,,,application/modules/,application/modules//views,https://www.mymiwallet.com/assets/images/MyMI-Wallet-Logo-1024x1024.png,"MyMI Wallets provides Investors & Traders a Social Network Platform to Receive & Share Trade Alerts, Joining the Daily Trading Conversation & More!","2304 Ashland Ave.","Bossier City",LA,US,71111,https://www.facebook.com/MyMIWallet,0,,0,0,0,0,0,0,0,0,0,0
142,User_Successful_Registration,"Registration Successful | MyMI Wallets",https://www.mymiwallet.com/Registration-Successful,https://www.mymiwallet.com/Registration-Successful,,,,application/modules/,application/modules//views,https://www.mymiwallet.com/assets/images/MyMI-Wallet-Logo-1024x1024.png,"You have successfully registered your account with MyMI Wallets. You will be receiving an activation email momentarily. ","2304 Ashland Ave.","Bossier City",LA,US,71111,https://www.facebook.com/MyMIWallet,0,,0,0,0,0,0,0,0,0,0,0
143,Investment_Request,"MyMI Coin | Invest in MyMI Wallets",https://www.mymiwallet.com/Invest,https://www.mymiwallet.com/Invest,,,,application/modules/,application/modules//views,https://www.mymiwallet.com/assets/images/MyMI-Wallet-Logo-1024x1024.png,"Become an Investor of MyMI Wallets by purchasing our new Crypto Asset MyMI Coin to own your stake in the Investment Accounting Platform","2304 Ashland Ave.","Bossier City",LA,US,71111,https://www.facebook.com/MyMIWallet,0,,0,0,0,0,0,0,0,0,0,0
144,Investment_Confirmation,"Purchase Confirmation | Complete Your Purchase of MyMI Coin",https://www.mymiwallet.com/Invest,https://www.mymiwallet.com/Invest,,,,application/modules/,application/modules//views,https://www.mymiwallet.com/assets/images/MyMI-Wallet-Logo-1024x1024.png,"Complete Your MyMI Coin Purchase To Become An Investor Of MyMI Wallets","2304 Ashland Ave.","Bossier City",LA,US,71111,https://www.facebook.com/MyMIWallet,0,,0,0,0,0,0,0,0,0,0,0
145,Investment_Complete,"Purchase Completed | MyMI Wallets",https://www.mymiwallet.com/Invest,https://www.mymiwallet.com/Invest,,,,application/modules/,application/modules//views,https://www.mymiwallet.com/assets/images/MyMI-Wallet-Logo-1024x1024.png,"Your MyMI Coin Purchase Has Been Completed To Become An Investor Of MyMI Wallets","2304 Ashland Ave.","Bossier City",LA,US,71111,https://www.facebook.com/MyMIWallet,0,,0,0,0,0,0,0,0,0,0,0
146,Account_Information,"Complete Account Information | MyMI Wallets",https://www.mymiwallet.com/Account-Information,https://www.mymiwallet.com/Account-Information,,,,application/modules/,application/modules//views,https://www.mymiwallet.com/assets/images/MyMI-Wallet-Logo-1024x1024.png,"Submit your account information in order to complete your account registration and get started utilizing our investment tools and resources.","2304 Ashland Ave.","Bossier City",LA,US,71111,https://www.facebook.com/MyMIWallet,0,,0,0,0,0,0,0,0,0,0,0
147,Premium_Brokerage_API_Integrations,"Brokerage API Integrations | Connect Your Brokerage Accounts",https://www.mymiwallet.com/Premium-Features/Brokerage-API-Integration,https://www.mymiwallet.com/Premium-Features/Brokerage-API-Integration,,,,application/modules/,application/modules//views,https://www.mymiwallet.com/assets/images/MyMI-Wallet-Logo-1024x1024.png,"Connect and Integrate Multiple Brokerage Accounts to automatically track your daily analytics for financial growth by tracking your trades | MyMIWallets.com","2304 Ashland Ave.","Bossier City",LA,US,71111,https://www.facebook.com/MyMIWallet,0,,0,0,0,0,0,0,0,0,0,0
148,Premium_Advanced_Trade_Tracker,"Advanced Investment & Trade Tracker Tool  | MyMIWallets.com",https://www.mymiwallets.com/Premium-Features/Due-Diligence-Database,https://www.mymiwallets.com/Premium-Features/Due-Diligence-Database,,,,application/modules/,application/modules//views,https://www.mymiwallet.com/assets/images/MyMI-Wallet-Logo-1024x1024.png,"Customize your own Investment & Trade Tracking Parameters to truly understand your Complete Financial Growth in Investing & Trading Stocks & Cryptocurrencies","2304 Ashland Ave.","Bossier City",LA,US,71111,https://www.facebook.com/MyMIWallet,0,,0,0,0,0,0,0,0,0,0,0
149,Premium_Due_Diligence_Database,"Certified Investing Due Diligence Database | MyMIWallets.com",https://www.mymiwallet.com/Premium-Features/Due-Diligence-Database,https://www.mymiwallet.com/Premium-Features/Due-Diligence-Database,,,,application/modules/,application/modules//views,https://www.mymiwallet.com/assets/images/MyMI-Wallet-Logo-1024x1024.png,"Gain access to our Certified & Community Due Diligence compiled by our Community at MyMIWallets.com. Submit your own Investment Due Diligence & access others.","2304 Ashland Ave.","Bossier City",LA,US,71111,https://www.facebook.com/MyMIWallet,0,,0,0,0,0,0,0,0,0,0,0
150,Premium_Wallets,"Premium Wallets | Track Brokerage Accounts | MyMIWallet.com",https://www.mymiwallet.com/Premium-Features/Wallets,https://www.mymiwallet.com/Premium-Features/Wallets,,,,application/modules/,application/modules//views,https://www.mymiwallet.com/assets/images/MyMI-Wallet-Logo-1024x1024.png,"Premium Wallets to track multiple brokerage accounts and gain a full analytical view of your financial growth across all of your investment & trading accounts","2304 Ashland Ave.","Bossier City",LA,US,71111,https://www.facebook.com/MyMIWallet,0,0,0,0,0,0,0,0,0,0,0,0
151,How_It_Works_MyMI_Gold,"MyMI Gold Coin | In-App Cryptocurrency Coin | MyMIWallet.com",https://www.mymiwallet.com/How-It-Works/MyMI-Gold,https://www.mymiwallet.com/How-It-Works/MyMI-Gold,,,,application/modules/,application/modules//views,https://www.mymiwallet.com/assets/images/MyMI-Wallet-Logo-1024x1024.png,"Purchase your MyMI Gold to gain access to Premium Features and optimize your Investment Accounting to truly understand your Financial Growth | MyMIWallet.com","2304 Ashland Ave.","Bossier City",LA,US,71111,https://www.facebook.com/MyMIWallet,0,,0,0,0,0,0,0,0,0,0,0
152,Premium_Features,"Premium Investment Features & Solutions | MyMIWallets.com",https://www.mymiwallet.com/Premium-Features,https://www.mymiwallet.com/Premium-Features,,,,application/modules/,application/modules//views,https://www.mymiwallet.com/assets/images/MyMI-Wallet-Logo-1024x1024.png,"Gain access to our Premium Investment & Trading Features | Premium Wallets | Advanced Trade Tracker | Due Diligence Database | Brokerage API | MyMIWallet.com","2304 Ashland Ave.","Bossier City",LA,US,71111,https://www.facebook.com/MyMIWallet,0,,0,0,0,0,0,0,0,0,0,0
153,Premium_Advanced_Charting,"Advanced Investment Charting Integration | MyMIWallet.com",https://www.mymiwallet.com/Premium-Features/Advanced-Charting-Integration,https://www.mymiwallet.com/Premium-Features/Advanced-Charting-Integration,,,,application/modules/,application/modules//views,https://www.mymiwallet.com/assets/images/MyMI-Wallet-Logo-1024x1024.png,"Advanced Charting Integration provided by TradingView to analyze your investments & trades in real-time to make better trading decisions | MyMIWallet.com","2304 Ashland Ave.","Bossier City",LA,US,71111,https://www.facebook.com/MyMIWallet,0,,0,0,0,0,0,0,0,0,0,0
154,Activate,"Activate Your Account",https://www.mymiwallet.com/activate,https://www.mymiwallet.com/activate,,,,application/modules/,application/modules//views,https://www.mymiwallet.com/assets/images/MyMI-Wallet-Logo-1024x1024.png,"Activate your New MyMI Wallet Account to access our Accounting & Analytical Investment Tools","2304 Ashland Ave.","Bossier City",LA,US,71111,https://www.facebook.com/MyMIWallet,0,,0,0,0,0,0,0,0,0,0,0
